Gender,Married,Dependents,Education,Self_Employed,ApplicantIncome,LoanAmount,Loan_Amount_Term,Credit_History,Property_Area,Loan_Status
0.0,0.0,0.0,1.0,0.0,0.5822697978971819,0.609759678391703,0.7435897435897436,1.0,1.0,1.0
0.0,1.0,0.3333333333333333,1.0,0.0,0.543500947786282,0.609759678391703,0.7435897435897436,1.0,0.0,0.0
0.0,1.0,0.0,1.0,1.0,0.4761502587197662,0.45762429340090344,0.7435897435897436,1.0,1.0,1.0
0.0,1.0,0.0,0.0,0.0,0.45236274701407553,0.594936375845833,0.7435897435897436,1.0,1.0,1.0
0.0,0.0,0.0,1.0,0.0,0.5863210547779028,0.6319766813981349,0.7435897435897436,1.0,1.0,1.0
0.0,1.0,0.6666666666666666,1.0,1.0,0.5700743426644491,0.7786257215947078,0.7435897435897436,1.0,1.0,1.0
0.0,1.0,0.0,0.0,0.0,0.4361829167020531,0.5412793729081586,0.7435897435897436,1.0,1.0,1.0
0.0,1.0,1.0,1.0,0.0,0.47804621990221163,0.6581225045451897,0.7435897435897436,0.0,0.5,0.0
0.0,1.0,0.6666666666666666,1.0,0.0,0.5221135060688715,0.6722178144937696,0.7435897435897436,1.0,1.0,1.0
0.0,1.0,0.3333333333333333,1.0,0.0,0.7072580882497305,0.8401397631033354,0.7435897435897436,1.0,0.5,0.0
0.0,1.0,0.6666666666666666,1.0,0.0,0.4864081959220749,0.471138866068768,0.7435897435897436,1.0,1.0,1.0
0.0,1.0,0.6666666666666666,1.0,0.0,0.44717154883837823,0.5728539124149514,0.7435897435897436,1.0,1.0,1.0
0.0,1.0,0.6666666666666666,1.0,0.0,0.4799715621095795,0.7122635571291652,0.7435897435897436,1.0,1.0,1.0
0.0,0.0,0.0,1.0,0.0,0.39957058031561055,0.5831552564789935,0.7435897435897436,1.0,0.0,0.0
0.0,1.0,0.6666666666666666,1.0,0.0,0.34311229435617235,0.14607483621710957,0.23076923076923078,1.0,1.0,1.0
0.0,0.0,0.0,1.0,0.0,0.5557449157607035,0.6043124316437296,0.7435897435897436,1.0,1.0,1.0
0.0,0.0,0.3333333333333333,0.0,0.0,0.5049522672365138,0.5530604922749984,0.48717948717948717,1.0,1.0,1.0
1.0,0.0,0.0,1.0,0.0,0.5011048837627469,0.4900274335394275,0.7435897435897436,0.0,1.0,0.0
0.0,1.0,0.0,0.0,0.0,0.5537090232816644,0.6185608115560952,0.7435897435897436,1.0,0.0,0.0
0.0,1.0,0.0,1.0,0.0,0.4534054012022791,0.5851612209515863,0.7435897435897436,1.0,1.0,1.0
0.0,1.0,0.0,0.0,0.0,0.625143248273116,0.5620687634111867,0.7435897435897436,0.0,1.0,0.0
0.0,1.0,0.3333333333333333,1.0,0.0,0.5851244905736797,0.8165975768020667,0.7435897435897436,1.0,1.0,1.0
0.0,1.0,0.0,0.0,0.0,0.4534054012022791,0.5871498175484735,0.7435897435897436,0.0,0.5,0.0
0.0,1.0,0.6666666666666666,0.0,0.0,0.494399390515311,0.5790899915542036,0.7435897435897436,0.0,0.0,0.0
0.0,1.0,0.3333333333333333,1.0,0.0,0.5102124454164939,0.6477144435680143,0.7435897435897436,1.0,0.5,0.0
0.0,1.0,0.0,1.0,1.0,0.6603611308705828,0.7016881175501439,0.7435897435897436,1.0,0.5,1.0
0.0,1.0,0.0,1.0,0.0,0.46512755888185886,0.5987328502517549,0.7435897435897436,1.0,0.5,1.0
0.0,1.0,0.6666666666666666,0.0,0.0,0.5306110177013977,0.5749514746842358,0.7435897435897436,1.0,1.0,1.0
0.0,0.0,0.0,0.0,0.0,0.35971169887000826,0.31193580121460085,0.7435897435897436,1.0,1.0,0.0
1.0,0.0,0.6666666666666666,1.0,0.0,0.5116173332069863,0.594936375845833,0.7435897435897436,1.0,0.5,1.0
0.0,1.0,0.3333333333333333,1.0,0.0,0.5283382021226612,0.713409103005877,0.7435897435897436,1.0,1.0,0.0
0.0,0.0,0.0,1.0,0.0,0.48476058750845946,0.48390223128968535,0.7435897435897436,1.0,1.0,0.0
0.0,0.0,0.3333333333333333,1.0,1.0,0.5472369196468554,0.5664437808740357,0.7435897435897436,1.0,0.0,0.0
0.0,1.0,0.0,1.0,0.0,0.5006514088156993,0.5831552564789935,0.7435897435897436,1.0,0.5,1.0
0.0,0.0,1.0,1.0,0.0,0.7029802154418714,0.8202146826146011,0.7435897435897436,1.0,0.0,0.0
0.0,1.0,0.0,1.0,0.0,0.4321815396086836,0.609759678391703,0.7435897435897436,1.0,1.0,1.0
0.0,1.0,0.0,1.0,0.0,0.39741158405093335,0.5530604922749984,0.7435897435897436,0.0,1.0,0.0
1.0,1.0,0.0,1.0,0.0,0.5080598818944984,0.6368122594166679,0.7435897435897436,1.0,0.5,1.0
0.0,0.0,0.0,1.0,0.0,0.5283382021226612,0.6931123464370221,0.7435897435897436,1.0,1.0,1.0
0.0,0.0,0.0,0.0,0.0,0.5115325410678061,0.5749514746842358,0.7435897435897436,1.0,0.5,1.0
0.0,0.0,0.0,1.0,0.0,0.5051289686011542,0.5018085529062671,0.7435897435897436,1.0,1.0,0.0
0.0,0.0,0.0,1.0,0.0,0.3949581725430178,0.37964579360440187,0.7435897435897436,1.0,1.0,1.0
0.0,1.0,0.0,1.0,0.0,0.44068318423254627,0.48698525036039725,0.7435897435897436,1.0,1.0,1.0
0.0,1.0,0.0,1.0,0.0,0.5195134012829441,0.6202812800663111,0.7435897435897436,1.0,0.5,1.0
0.0,1.0,0.0,0.0,1.0,0.5473385130418921,0.5436844364771019,0.7435897435897436,1.0,1.0,1.0
1.0,0.0,0.0,1.0,0.0,0.4965108396473263,0.5236995353155046,0.7435897435897436,1.0,1.0,1.0
0.0,1.0,0.3333333333333333,1.0,0.0,0.5767398311518424,0.36449647046133754,0.7435897435897436,1.0,1.0,1.0
0.0,1.0,0.0,1.0,0.0,0.581507088616739,0.6368122594166679,0.7435897435897436,1.0,1.0,1.0
1.0,1.0,0.0,1.0,0.0,0.45613280034583065,0.594936375845833,0.7435897435897436,0.0,1.0,0.0
1.0,0.0,0.0,1.0,0.0,0.5218752704092948,0.6368122594166679,0.7435897435897436,1.0,0.5,1.0
1.0,1.0,0.0,0.0,0.0,0.4058769957749369,0.5530604922749984,0.7435897435897436,1.0,0.5,1.0
1.0,0.0,0.0,1.0,0.0,0.48064253475550966,0.594936375845833,0.7435897435897436,1.0,0.5,1.0
1.0,0.0,0.0,1.0,0.0,0.5307613893882275,0.5790899915542036,0.7435897435897436,1.0,0.5,0.0
0.0,1.0,0.6666666666666666,1.0,0.0,0.5446413188955652,0.6202812800663111,0.7435897435897436,1.0,1.0,0.0
1.0,1.0,0.3333333333333333,1.0,1.0,0.6897273039519876,0.7944147500433222,0.7435897435897436,0.0,1.0,0.0
0.0,1.0,0.6666666666666666,1.0,0.0,0.4598742024058926,0.5460645766591009,0.7435897435897436,1.0,0.5,1.0
0.0,1.0,0.0,1.0,0.0,0.42186304120879586,0.5436844364771019,0.7435897435897436,1.0,0.5,1.0
0.0,1.0,0.0,1.0,0.0,0.49444661763231984,0.621988956870798,0.7435897435897436,1.0,0.0,0.0
0.0,1.0,0.3333333333333333,1.0,0.0,0.633627600522363,0.688064198785399,0.7435897435897436,1.0,1.0,1.0
0.0,1.0,0.6666666666666666,0.0,0.0,0.4940210675491327,0.6368122594166679,0.7435897435897436,1.0,1.0,1.0
0.0,1.0,0.0,1.0,0.0,0.44717154883837823,0.594936375845833,0.7435897435897436,1.0,1.0,1.0
0.0,1.0,1.0,1.0,0.0,0.47767932772681304,0.5507521163404694,0.7435897435897436,1.0,1.0,1.0
0.0,1.0,0.0,0.0,1.0,0.4539546379746176,0.6680792976238016,0.358974358974359,0.0,0.0,0.0
0.0,1.0,0.3333333333333333,1.0,0.0,0.5555842862764675,0.609759678391703,0.7435897435897436,0.0,0.0,0.0
1.0,0.0,0.0,1.0,0.0,0.5283382021226612,0.5871498175484735,0.7435897435897436,0.0,0.5,0.0
0.0,1.0,0.0,1.0,0.0,0.5788917058324642,0.7707501567191526,0.7435897435897436,1.0,0.5,0.0
0.0,0.0,0.0,0.0,0.0,0.4864081959220749,0.6061425725791686,0.358974358974359,0.0,1.0,0.0
0.0,1.0,0.3333333333333333,1.0,0.0,0.679007993824488,0.8143996512049196,0.7435897435897436,1.0,1.0,1.0
0.0,1.0,1.0,0.0,1.0,0.613076751343455,0.6043124316437296,0.10256410256410256,1.0,1.0,1.0
1.0,0.0,0.0,1.0,0.0,0.5333701232791311,0.6236840307796105,0.7435897435897436,0.0,0.5,0.0
0.0,1.0,0.0,1.0,0.0,0.4868050572047218,0.6776223337795866,0.7435897435897436,1.0,1.0,1.0
0.0,1.0,0.6666666666666666,0.0,1.0,0.40144653714884976,0.5460645766591009,0.7435897435897436,1.0,0.5,1.0
0.0,0.0,0.0,1.0,0.0,0.5006514088156993,0.5046617755874658,0.6153846153846154,1.0,0.5,1.0
0.0,1.0,1.0,0.0,0.0,0.549356862209715,0.5412793729081586,0.7435897435897436,0.0,0.5,0.0
0.0,1.0,1.0,1.0,1.0,0.5655808538424175,0.6968269525575791,0.7435897435897436,1.0,0.5,1.0
0.0,0.0,0.0,1.0,0.0,0.5116173332069863,0.5811316180829446,1.0,1.0,1.0,0.0
0.0,0.0,0.0,1.0,0.0,0.5116173332069863,0.6829026001696714,0.7435897435897436,1.0,1.0,0.0
0.0,1.0,0.3333333333333333,1.0,1.0,0.30153367829302163,0.5749514746842358,0.7435897435897436,1.0,1.0,0.0
0.0,1.0,1.0,1.0,0.0,0.48476058750845946,0.688064198785399,0.6153846153846154,0.0,0.5,0.0
0.0,1.0,1.0,0.0,1.0,0.4928806654470272,0.6133207027799179,0.7435897435897436,1.0,0.5,1.0
1.0,0.0,0.0,1.0,0.0,0.5156350602037914,0.5770300542292511,0.7435897435897436,1.0,0.5,1.0
0.0,1.0,0.3333333333333333,1.0,1.0,0.4403517078639709,0.609759678391703,0.7435897435897436,1.0,0.5,1.0
1.0,1.0,0.6666666666666666,1.0,0.0,0.35249603211593084,0.6708465777512719,0.7435897435897436,1.0,1.0,0.0
0.0,1.0,0.0,1.0,0.0,0.5863210547779028,0.7768987850969338,0.7435897435897436,1.0,0.5,0.0
0.0,1.0,0.3333333333333333,1.0,0.0,0.521397725149336,0.39385742742083135,0.48717948717948717,1.0,1.0,1.0
0.0,0.0,0.0,1.0,0.0,0.4384153919725845,0.6236840307796105,0.7435897435897436,1.0,0.5,1.0
0.0,1.0,0.6666666666666666,0.0,0.0,0.4928806654470272,0.5507521163404694,0.7435897435897436,1.0,0.5,1.0
0.0,1.0,0.0,1.0,0.0,0.44717154883837823,0.5620687634111867,0.7435897435897436,1.0,0.5,1.0
0.0,0.0,0.0,1.0,0.0,0.6429112951563338,0.7234697538625007,0.7435897435897436,1.0,1.0,1.0
0.0,1.0,0.0,1.0,0.0,0.5780288670626184,0.6815938702916661,0.7435897435897436,1.0,0.5,1.0
0.0,1.0,0.0,1.0,0.0,0.47390933534011936,0.6150807226730906,0.7435897435897436,1.0,0.5,1.0
0.0,1.0,0.6666666666666666,1.0,0.0,0.5928094193837348,0.6980519233127359,0.358974358974359,1.0,0.5,1.0
0.0,1.0,0.6666666666666666,0.0,0.0,0.4899933406153977,0.5046617755874658,0.7435897435897436,1.0,1.0,1.0
0.0,0.0,0.0,1.0,0.0,0.5270741601749728,0.5987328502517549,0.7435897435897436,1.0,0.5,1.0
0.0,0.0,0.0,0.0,0.0,0.506009540721197,0.23465436256666436,0.23076923076923078,1.0,0.5,1.0
0.0,0.0,0.0,1.0,0.0,0.6057935538886718,0.609759678391703,0.7435897435897436,1.0,1.0,0.0
1.0,1.0,0.0,1.0,0.0,0.446151045421742,0.6253666864530568,0.7435897435897436,1.0,0.5,1.0
0.0,1.0,0.0,1.0,0.0,0.4098660400726982,0.39385742742083135,0.7435897435897436,1.0,0.5,1.0
0.0,1.0,0.0,0.0,0.0,0.529175346252,0.5851612209515863,0.358974358974359,1.0,0.5,1.0
0.0,1.0,0.0,1.0,0.0,0.39129593842691685,0.6150807226730906,0.7435897435897436,1.0,0.5,1.0
0.0,1.0,0.6666666666666666,0.0,0.0,0.5329259417293417,0.6185608115560952,0.358974358974359,1.0,1.0,1.0
0.0,0.0,0.0,1.0,0.0,0.5522715035363819,0.6477144435680143,0.7435897435897436,1.0,0.5,1.0
0.0,1.0,0.0,1.0,0.0,0.7169689160935647,0.609759678391703,0.7435897435897436,1.0,1.0,1.0
0.0,1.0,0.0,1.0,0.0,0.5458760991671152,0.609759678391703,0.7435897435897436,1.0,0.5,1.0
0.0,1.0,0.0,1.0,0.0,0.5143903955729425,0.661011617760434,0.7435897435897436,1.0,1.0,1.0
0.0,1.0,0.3333333333333333,1.0,0.0,0.47888166393409526,0.5530604922749984,0.7435897435897436,1.0,1.0,1.0
0.0,1.0,0.6666666666666666,1.0,0.0,0.6885759913756909,0.7393161381541302,0.7435897435897436,1.0,1.0,1.0
0.0,0.0,0.0,0.0,0.0,0.6182090044186648,0.594936375845833,0.7435897435897436,1.0,0.0,0.0
0.0,1.0,0.6666666666666666,1.0,0.0,0.5137225674428689,0.7299400823562339,0.7435897435897436,0.0,1.0,0.0
0.0,1.0,1.0,0.0,0.0,0.41724910099034845,0.5388488584585689,1.0,1.0,0.5,1.0
0.0,0.0,0.0,1.0,0.0,0.5670828765600039,0.6236840307796105,0.7435897435897436,1.0,1.0,1.0
1.0,1.0,0.0,1.0,0.0,0.47234338315482655,0.6286954617063276,0.7435897435897436,1.0,0.5,1.0
0.0,1.0,0.0,0.0,0.0,0.5038879137427221,0.6492304983935945,0.7435897435897436,0.0,0.0,0.0
1.0,0.0,0.3333333333333333,1.0,1.0,0.6207462955309179,0.609759678391703,0.7435897435897436,1.0,0.5,1.0
0.0,0.0,0.0,1.0,0.0,0.5589238789514464,0.591076092168169,0.7435897435897436,1.0,0.5,1.0
0.0,1.0,0.3333333333333333,1.0,0.0,0.7274777325166011,0.6943572355125833,0.358974358974359,1.0,0.0,1.0
1.0,1.0,0.0,1.0,0.0,0.48476058750845946,0.6522329133321723,0.7435897435897436,1.0,0.5,1.0
0.0,1.0,0.3333333333333333,1.0,0.0,0.4278615969181426,0.5157329052941747,0.7435897435897436,1.0,1.0,1.0
0.0,1.0,0.0,1.0,0.0,0.5744442805521996,0.6815938702916661,0.7435897435897436,1.0,0.0,0.0
1.0,0.0,0.0,1.0,0.0,0.6738692100574645,0.7716386741605198,0.7435897435897436,1.0,1.0,1.0
0.0,1.0,0.0,1.0,0.0,0.5772454822499689,0.688064198785399,0.7435897435897436,1.0,0.0,1.0
1.0,0.0,0.0,1.0,0.0,0.5283382021226612,0.36449647046133754,0.7435897435897436,1.0,0.5,1.0
1.0,0.0,0.0,1.0,0.0,0.4222353600980034,0.6253666864530568,0.7435897435897436,0.0,0.5,1.0
0.0,1.0,0.6666666666666666,1.0,0.0,0.4738555930366069,0.5046617755874658,0.7435897435897436,1.0,0.5,1.0
0.0,1.0,0.0,0.0,0.0,0.5333701232791311,0.7052676415132679,0.7435897435897436,1.0,0.0,1.0
1.0,0.0,0.0,1.0,0.0,0.5091398076492194,0.5363923487090636,0.7435897435897436,1.0,0.0,1.0
0.0,1.0,1.0,1.0,0.0,0.8053526069007803,0.8535603003667503,0.7435897435897436,1.0,0.0,1.0
0.0,0.0,0.0,1.0,0.0,0.5164183361661919,0.609759678391703,0.7435897435897436,1.0,0.0,1.0
0.0,1.0,0.3333333333333333,1.0,1.0,0.6754646539222351,0.661011617760434,0.358974358974359,0.0,1.0,0.0
0.0,1.0,0.0,1.0,0.0,0.5884262890137854,0.6906021414278544,0.7435897435897436,1.0,0.0,0.0
0.0,0.0,0.0,1.0,1.0,0.7789977180797496,0.9829787718569829,1.0,1.0,1.0,1.0
0.0,0.0,0.0,1.0,0.0,0.4128131983565205,0.48390223128968535,0.7435897435897436,1.0,1.0,1.0
0.0,0.0,0.0,1.0,0.0,0.4604600595421907,0.471138866068768,0.7435897435897436,1.0,0.5,1.0
0.0,1.0,0.0,1.0,1.0,0.49877851538022105,0.23465436256666436,0.23076923076923078,1.0,0.5,1.0
0.0,0.0,0.0,1.0,0.0,0.5539689993954404,0.5576087888650093,0.7435897435897436,1.0,0.5,1.0
0.0,1.0,1.0,1.0,0.0,0.5218752704092948,0.7976048217713717,0.7435897435897436,1.0,0.5,0.0
1.0,1.0,0.0,1.0,0.0,0.543500947786282,0.5130147496396026,0.7435897435897436,1.0,0.0,0.0
0.0,1.0,0.6666666666666666,1.0,1.0,0.49206790126385963,0.5236995353155046,0.7435897435897436,1.0,1.0,1.0
0.0,0.0,0.0,1.0,0.0,0.7319483287792958,0.7560455219476402,0.7435897435897436,0.0,0.5,0.0
0.0,1.0,0.6666666666666666,0.0,0.0,0.5296301186970873,0.6115470918649856,0.7435897435897436,1.0,0.0,0.0
0.0,1.0,0.6666666666666666,1.0,0.0,0.5586718886313256,0.6943572355125833,0.7435897435897436,1.0,0.0,0.0
0.0,0.0,0.0,1.0,0.0,0.5700743426644491,0.6722178144937696,0.7435897435897436,1.0,1.0,1.0
0.0,0.0,0.0,1.0,1.0,0.6096828246461689,0.6815938702916661,0.358974358974359,1.0,0.5,1.0
0.0,1.0,0.0,1.0,0.0,0.4592861778316726,0.5987328502517549,0.7435897435897436,1.0,0.5,1.0
0.0,1.0,0.6666666666666666,1.0,0.0,0.693240222911653,0.6968269525575791,0.358974358974359,1.0,1.0,1.0
1.0,1.0,0.0,1.0,0.0,0.4359784008756922,0.5530604922749984,0.7435897435897436,1.0,0.5,1.0
1.0,1.0,0.6666666666666666,1.0,0.0,0.7305326555644664,0.471138866068768,0.7435897435897436,1.0,1.0,1.0
0.0,1.0,0.3333333333333333,1.0,0.0,0.36995585748784054,0.27653024613749916,0.7435897435897436,1.0,1.0,1.0
1.0,0.0,0.0,1.0,0.0,0.6675131409546515,0.7393161381541302,0.7435897435897436,1.0,0.0,0.0
0.0,1.0,0.0,1.0,0.0,0.5528284511616219,0.6043124316437296,0.7435897435897436,1.0,0.5,1.0
0.0,0.0,0.0,1.0,0.0,0.5934945736737801,0.591076092168169,0.7435897435897436,0.0,0.0,0.0
0.0,1.0,0.0,1.0,1.0,0.4519931122867301,0.6492304983935945,0.7435897435897436,1.0,0.0,1.0
0.0,0.0,0.0,1.0,0.0,0.6536717438444183,0.757935915105922,0.7435897435897436,1.0,1.0,0.0
0.0,1.0,0.6666666666666666,0.0,0.0,0.4326001777641123,0.5811316180829446,0.7435897435897436,1.0,0.0,0.0
0.0,0.0,0.0,1.0,0.0,0.4890679773883466,0.39385742742083135,0.7435897435897436,1.0,1.0,1.0
0.0,1.0,1.0,1.0,0.0,0.8878507594497259,0.9645944449228981,0.358974358974359,0.0,0.5,1.0
0.0,1.0,0.3333333333333333,1.0,0.0,0.5863210547779028,0.661011617760434,0.7435897435897436,1.0,0.0,1.0
0.0,1.0,0.3333333333333333,1.0,0.0,0.659994941270473,0.6968269525575791,0.7435897435897436,1.0,1.0,1.0
0.0,0.0,0.0,1.0,0.0,0.4750870918050551,0.594936375845833,0.7435897435897436,1.0,0.0,1.0
0.0,1.0,0.0,1.0,0.0,0.543500947786282,0.7680637930879075,0.7435897435897436,1.0,0.5,1.0
0.0,1.0,0.0,0.0,0.0,0.4004260337322135,0.5484203047167044,0.7435897435897436,1.0,0.5,1.0
0.0,1.0,0.0,1.0,0.0,0.630709314510421,0.785406478907134,0.7435897435897436,1.0,1.0,0.0
0.0,1.0,0.3333333333333333,1.0,0.0,0.48079697317523,0.5968424570934732,0.7435897435897436,0.0,0.5,0.0
0.0,1.0,0.6666666666666666,1.0,0.0,0.5283763499354268,0.6581225045451897,0.7435897435897436,1.0,0.0,1.0
0.0,1.0,0.0,1.0,0.0,0.6563711466246946,0.48698525036039725,0.358974358974359,1.0,1.0,1.0
0.0,1.0,0.0,1.0,0.0,0.5097842585704523,0.6906021414278544,0.7435897435897436,1.0,0.0,1.0
1.0,1.0,0.0,1.0,0.0,0.543500947786282,0.5790899915542036,0.7435897435897436,1.0,0.0,0.0
0.0,1.0,0.0,1.0,0.0,0.44324524490808304,0.6115470918649856,0.7435897435897436,1.0,0.0,1.0
0.0,0.0,0.0,1.0,0.0,0.42950424726375624,0.4469395077250016,1.0,0.0,0.5,0.0
0.0,1.0,0.6666666666666666,1.0,0.0,0.6320460664674313,0.7122635571291652,0.7435897435897436,1.0,0.5,1.0
0.0,1.0,0.0,0.0,0.0,0.3967144651214636,0.5412793729081586,0.7435897435897436,1.0,0.0,1.0
0.0,1.0,1.0,1.0,0.0,0.9288295914083677,1.0,0.6153846153846154,1.0,1.0,1.0
0.0,1.0,1.0,0.0,0.0,0.5016473513921303,0.5046617755874658,0.358974358974359,1.0,0.0,0.0
0.0,1.0,0.0,1.0,0.0,0.5783912731118672,0.6968269525575791,0.7435897435897436,1.0,0.5,1.0
0.0,1.0,0.0,0.0,1.0,0.5349882506025848,0.5210745756338725,0.7435897435897436,1.0,0.5,0.0
0.0,1.0,0.0,1.0,0.0,0.5005151136570342,0.5871498175484735,0.7435897435897436,1.0,0.0,1.0
0.0,1.0,0.6666666666666666,1.0,0.0,0.4152410497970066,0.5553458989138275,0.7435897435897436,1.0,0.0,1.0
0.0,1.0,1.0,1.0,0.0,0.5729529255510969,0.9204101854175344,0.7435897435897436,0.0,0.5,0.0
0.0,1.0,0.3333333333333333,1.0,0.0,0.5116173332069863,0.5871498175484735,0.7435897435897436,1.0,0.5,1.0
0.0,0.0,0.0,0.0,0.0,0.4361829167020531,0.5576087888650093,1.0,0.0,1.0,0.0
0.0,1.0,0.3333333333333333,1.0,0.0,0.5965789919802111,0.688064198785399,0.7435897435897436,0.0,1.0,0.0
0.0,0.0,0.0,1.0,0.0,0.4048846333767509,0.4610782152121441,0.7435897435897436,1.0,0.0,0.0
0.0,1.0,0.0,1.0,0.0,0.5440894334066311,0.48077726509582497,0.358974358974359,1.0,0.5,1.0
0.0,1.0,0.3333333333333333,1.0,0.0,0.8613019564229403,0.7725237676340848,0.7435897435897436,1.0,0.5,0.0
1.0,1.0,0.0,1.0,0.0,0.506228923587115,0.5707370175020668,0.7435897435897436,1.0,0.5,1.0
0.0,1.0,0.0,1.0,1.0,0.8844286143257318,0.594936375845833,0.7435897435897436,1.0,0.5,1.0
0.0,1.0,0.3333333333333333,1.0,1.0,0.4252559178876762,0.45762429340090344,0.6153846153846154,0.0,0.0,0.0
0.0,1.0,0.0,1.0,0.0,0.4395533326677593,0.42794675269430654,0.7435897435897436,1.0,0.0,1.0
0.0,1.0,0.0,1.0,1.0,0.23882671929462998,0.6722178144937696,0.7435897435897436,1.0,0.0,1.0
0.0,1.0,0.0,1.0,0.0,0.6564563661115487,0.6980519233127359,0.358974358974359,1.0,0.0,1.0
0.0,0.0,0.0,0.0,0.0,0.55364396275635,0.384481371622935,0.7435897435897436,1.0,0.0,1.0
0.0,0.0,0.0,1.0,0.0,0.6964918508360393,0.6666830533716532,0.7435897435897436,1.0,0.5,0.0
0.0,1.0,0.0,0.0,0.0,0.5871928452818145,0.661011617760434,0.7435897435897436,1.0,1.0,0.0
0.0,0.0,0.0,1.0,0.0,0.5161302097043128,0.4900274335394275,0.7435897435897436,1.0,0.5,1.0
0.0,0.0,0.0,1.0,0.0,0.5292891614098343,0.594936375845833,0.7435897435897436,1.0,0.0,1.0
0.0,1.0,0.3333333333333333,1.0,0.0,0.48263862332559826,0.6749359701483417,0.7435897435897436,1.0,0.5,0.0
0.0,0.0,0.0,1.0,0.0,0.6385280732316607,0.6968269525575791,0.7435897435897436,1.0,0.0,1.0
1.0,0.0,0.0,0.0,0.0,0.4041362742908142,0.594936375845833,0.7435897435897436,1.0,1.0,1.0
1.0,1.0,0.0,1.0,0.0,0.4967902587543729,0.5811316180829446,0.7435897435897436,1.0,0.5,1.0
0.0,0.0,0.0,1.0,1.0,0.6826620136269805,0.5102640404491304,0.7435897435897436,1.0,1.0,0.0
0.0,1.0,0.3333333333333333,0.0,0.0,0.4534054012022791,0.528861133931232,0.7435897435897436,1.0,0.5,1.0
0.0,0.0,0.6666666666666666,1.0,0.0,0.554875581627483,0.6694671053032974,0.7435897435897436,0.0,0.5,1.0
0.0,1.0,1.0,0.0,0.0,0.5215570663768403,0.609759678391703,0.358974358974359,1.0,1.0,0.0
0.0,1.0,0.3333333333333333,0.0,0.0,0.5006514088156993,0.621988956870798,0.7435897435897436,1.0,1.0,1.0
0.0,1.0,0.6666666666666666,0.0,0.0,0.5185425077914037,0.6024675906236646,0.7435897435897436,1.0,0.5,1.0
1.0,0.0,0.0,0.0,0.0,0.5373128677043858,0.594936375845833,0.7435897435897436,1.0,0.5,1.0
1.0,0.0,0.0,1.0,0.0,0.48857877152007967,0.5018085529062671,0.7435897435897436,1.0,1.0,1.0
0.0,0.0,0.0,0.0,0.0,0.5208787601787745,0.41574840983006883,0.7435897435897436,1.0,0.0,1.0
0.0,0.0,0.0,1.0,0.0,0.4458307896996026,0.431873027314002,0.7435897435897436,1.0,1.0,1.0
0.0,0.0,0.0,1.0,0.0,0.4968832894044529,0.6079582458460469,0.7435897435897436,1.0,0.5,0.0
1.0,0.0,0.0,1.0,0.0,0.6675131409546515,0.7278034951149485,0.7435897435897436,1.0,0.5,0.0
0.0,1.0,1.0,1.0,0.0,0.49744033271220467,0.609759678391703,0.7435897435897436,0.0,0.5,0.0
0.0,1.0,0.3333333333333333,1.0,1.0,0.627756855860921,0.7541394407,0.7435897435897436,1.0,1.0,1.0
0.0,1.0,1.0,0.0,1.0,0.5782519839423851,0.6133207027799179,0.7435897435897436,1.0,0.0,1.0
0.0,1.0,0.0,1.0,0.0,0.48506142582121914,0.6253666864530568,0.7435897435897436,1.0,1.0,1.0
0.0,1.0,1.0,0.0,0.0,0.5158002814880286,0.5530604922749984,0.7435897435897436,1.0,0.5,1.0
0.0,1.0,0.0,1.0,0.0,0.0,0.621988956870798,0.7435897435897436,1.0,0.0,0.0
0.0,1.0,0.0,1.0,0.0,0.510639481839747,0.6150807226730906,0.7435897435897436,1.0,0.5,1.0
0.0,1.0,0.6666666666666666,1.0,0.0,0.5573423448965149,0.4776091945625009,0.7435897435897436,0.0,0.5,0.0
1.0,1.0,0.6666666666666666,1.0,0.0,0.5327404990981973,0.6079582458460469,0.7435897435897436,1.0,0.5,1.0
0.0,1.0,0.0,1.0,0.0,0.4283633335367545,0.43573331099166607,0.7435897435897436,0.0,1.0,0.0
0.0,1.0,0.6666666666666666,1.0,0.0,0.522232490125176,0.5871498175484735,0.7435897435897436,1.0,0.5,1.0
0.0,0.0,0.0,1.0,0.0,0.4746063366913864,0.6368122594166679,0.7435897435897436,1.0,0.5,1.0
0.0,1.0,0.0,1.0,0.0,0.6234325985262317,0.6815938702916661,0.7435897435897436,1.0,0.5,1.0
0.0,1.0,0.0,1.0,0.0,0.5928094193837348,0.609759678391703,0.7435897435897436,1.0,0.5,1.0
0.0,1.0,0.0,1.0,0.0,0.488872475689499,0.6749359701483417,0.7435897435897436,1.0,0.0,0.0
0.0,1.0,0.0,0.0,1.0,0.5486869229201966,0.6270371045224211,0.7435897435897436,1.0,1.0,0.0
0.0,1.0,0.6666666666666666,1.0,0.0,0.5928094193837348,0.7234697538625007,0.7435897435897436,1.0,0.5,1.0
0.0,1.0,0.0,1.0,0.0,0.5494571099967809,0.6581225045451897,1.0,1.0,0.5,1.0
0.0,0.0,0.0,1.0,1.0,0.5965789919802111,0.7122635571291652,0.7435897435897436,1.0,0.0,1.0
0.0,1.0,0.3333333333333333,1.0,0.0,0.4465983221100196,0.5620687634111867,0.7435897435897436,1.0,0.5,1.0
0.0,1.0,0.0,1.0,0.0,0.510169678603072,0.3538116847854357,0.358974358974359,1.0,0.0,1.0
0.0,0.0,0.0,0.0,0.0,0.4858608886126612,0.594936375845833,0.7435897435897436,1.0,0.0,1.0
1.0,0.0,0.0,1.0,0.0,0.6385280732316607,0.7895449957771018,0.7435897435897436,1.0,0.5,1.0
0.0,1.0,0.3333333333333333,1.0,0.0,0.4841571972445813,0.6303419309229348,0.7435897435897436,1.0,0.5,1.0
0.0,1.0,0.3333333333333333,1.0,0.0,0.572491217568844,0.6749359701483417,0.7435897435897436,1.0,0.0,1.0
0.0,1.0,0.0,1.0,0.0,0.5794459004703729,0.7680637930879075,0.7435897435897436,1.0,1.0,0.0
1.0,0.0,0.0,1.0,1.0,0.4989622112817708,0.5987328502517549,0.7435897435897436,1.0,1.0,1.0
1.0,0.0,0.3333333333333333,1.0,0.0,0.5142237014190963,0.5790899915542036,0.7435897435897436,1.0,0.0,1.0
0.0,1.0,0.3333333333333333,1.0,0.0,0.49201996192972336,0.5436844364771019,0.7435897435897436,1.0,0.5,1.0
0.0,1.0,0.6666666666666666,1.0,0.0,0.5814524690762964,0.594936375845833,0.7435897435897436,1.0,0.0,1.0
0.0,1.0,0.3333333333333333,0.0,0.0,0.44780605212062585,0.6303419309229348,0.358974358974359,1.0,1.0,0.0
0.0,0.0,0.0,1.0,0.0,0.4742850235203888,0.6537195299923958,0.10256410256410256,1.0,1.0,1.0
0.0,1.0,0.6666666666666666,1.0,1.0,0.5928094193837348,0.5707370175020668,0.7435897435897436,1.0,0.0,1.0
0.0,1.0,0.0,0.0,0.0,0.4963242869720087,0.600607811457052,0.7435897435897436,1.0,0.5,1.0
0.0,0.0,0.0,1.0,1.0,0.5876400902411734,0.594936375845833,0.358974358974359,1.0,1.0,0.0
0.0,1.0,0.6666666666666666,1.0,0.0,0.6627210173552595,0.5790899915542036,0.7435897435897436,1.0,1.0,1.0
0.0,1.0,0.3333333333333333,0.0,0.0,0.6016624687955509,0.6253666864530568,0.358974358974359,1.0,1.0,1.0
0.0,1.0,0.3333333333333333,1.0,0.0,0.4697722327932171,0.600607811457052,1.0,1.0,0.5,1.0
0.0,1.0,0.0,1.0,0.0,0.3957509066607563,0.528861133931232,0.7435897435897436,1.0,1.0,1.0
0.0,1.0,0.0,0.0,0.0,0.38285286792406376,0.713409103005877,0.7435897435897436,0.0,0.5,0.0
1.0,0.0,0.6666666666666666,1.0,0.0,0.4973012548023911,0.6270371045224211,0.7435897435897436,1.0,1.0,0.0
0.0,0.0,0.0,0.0,1.0,0.45236274701407553,0.5620687634111867,0.7435897435897436,1.0,0.0,1.0
0.0,1.0,0.3333333333333333,0.0,0.0,0.4570913730884188,0.7887232365027963,0.358974358974359,1.0,0.5,1.0
0.0,0.0,0.0,1.0,1.0,0.7446811422929923,0.7028875013312689,0.7435897435897436,0.0,1.0,0.0
1.0,0.0,1.0,1.0,0.0,0.4804879461281923,0.7680637930879075,0.7435897435897436,1.0,0.0,1.0
0.0,0.0,0.0,0.0,0.0,0.5875086781947259,0.5851612209515863,0.7435897435897436,0.0,0.0,0.0
0.0,1.0,1.0,1.0,0.0,0.5650971931843072,0.5388488584585689,0.7435897435897436,1.0,1.0,0.0
0.0,1.0,0.0,1.0,0.0,0.7285639313801573,0.8084335632477615,0.7435897435897436,1.0,0.0,0.0
0.0,1.0,1.0,0.0,0.0,0.5551336581788026,0.609759678391703,0.7435897435897436,1.0,0.5,0.0
0.0,1.0,0.3333333333333333,1.0,0.0,0.5885046954255326,0.8272823624779686,0.7435897435897436,1.0,1.0,1.0
0.0,0.0,0.0,1.0,0.0,0.4164026349508238,0.6202812800663111,0.7435897435897436,1.0,0.5,1.0
1.0,0.0,0.3333333333333333,1.0,0.0,0.4997862256562486,0.6537195299923958,0.05128205128205128,1.0,0.5,0.0
1.0,0.0,0.0,1.0,0.0,0.6152997646592908,0.594936375845833,0.7435897435897436,1.0,0.0,1.0
0.0,0.0,0.0,1.0,1.0,0.5625335430722121,0.609759678391703,0.7435897435897436,1.0,0.5,1.0
0.0,0.0,0.0,1.0,0.0,0.5256060338586797,0.6477144435680143,0.7435897435897436,1.0,0.0,1.0
0.0,1.0,0.6666666666666666,1.0,0.0,0.547778002249826,0.6461883152145642,0.7435897435897436,1.0,0.5,1.0
0.0,1.0,1.0,1.0,0.0,0.5345852605348257,0.661011617760434,0.7435897435897436,0.0,1.0,1.0
1.0,0.0,0.0,1.0,0.0,0.4968832894044529,0.621988956870798,0.7435897435897436,1.0,0.0,0.0
1.0,0.0,0.3333333333333333,1.0,0.0,0.46944098669668666,0.528861133931232,0.7435897435897436,1.0,1.0,1.0
1.0,0.0,0.0,1.0,0.0,0.48823542930112857,0.27653024613749916,0.7435897435897436,1.0,1.0,1.0
0.0,1.0,0.0,1.0,0.0,0.684757741426596,0.6236840307796105,0.7435897435897436,1.0,1.0,1.0
0.0,0.0,0.0,1.0,0.0,0.467046636626574,0.6061425725791686,0.7435897435897436,1.0,0.0,1.0
0.0,1.0,0.0,1.0,0.0,0.45462336012088794,0.6461883152145642,0.7435897435897436,1.0,0.5,1.0
0.0,1.0,0.6666666666666666,1.0,0.0,0.517851185570887,0.528861133931232,0.7435897435897436,1.0,0.5,1.0
0.0,1.0,0.3333333333333333,1.0,0.0,0.46232042151070746,0.5851612209515863,0.7435897435897436,1.0,0.5,1.0
0.0,1.0,0.0,1.0,0.0,0.5215968767367539,0.7201649274619869,0.7435897435897436,1.0,0.5,1.0
0.0,1.0,0.0,1.0,0.0,0.4815157082680967,0.5018085529062671,0.7435897435897436,1.0,1.0,1.0
0.0,1.0,0.0,1.0,0.0,0.7274777325166011,0.8912600421232855,0.7435897435897436,1.0,0.5,1.0
1.0,1.0,0.0,0.0,0.0,0.5257999849030315,0.6024675906236646,0.7435897435897436,1.0,0.0,1.0
0.0,0.0,0.3333333333333333,0.0,1.0,0.5239674331487166,0.6581225045451897,0.7435897435897436,0.0,1.0,0.0
0.0,1.0,0.0,1.0,0.0,0.5189477677282529,0.5790899915542036,0.7435897435897436,1.0,0.5,1.0
0.0,1.0,0.6666666666666666,1.0,0.0,0.4339877279216858,0.4959935214965857,0.358974358974359,1.0,1.0,1.0
1.0,0.0,0.0,1.0,0.0,0.395926534149481,0.4115339526478999,0.7435897435897436,1.0,1.0,1.0
0.0,1.0,0.0,1.0,0.0,0.782898208841879,0.609759678391703,0.7435897435897436,1.0,0.0,0.0
0.0,0.0,0.0,1.0,0.0,0.4843082596932633,0.5262948338009747,0.7435897435897436,1.0,0.0,1.0
1.0,0.0,0.0,1.0,1.0,0.4534054012022791,0.5507521163404694,0.6153846153846154,1.0,0.5,0.0
0.0,1.0,0.0,1.0,0.0,0.5096555772563471,0.594936375845833,0.7435897435897436,1.0,0.0,1.0
1.0,0.0,0.0,1.0,0.0,0.5267276696053665,0.5851612209515863,0.7435897435897436,1.0,0.5,1.0
0.0,0.0,0.0,1.0,0.0,0.6594942282832665,0.6968269525575791,0.7435897435897436,1.0,0.0,1.0
0.0,1.0,0.0,1.0,0.0,0.4800749732135032,0.6286954617063276,0.7435897435897436,1.0,0.0,1.0
0.0,1.0,0.6666666666666666,1.0,0.0,0.5370241430816242,0.6079582458460469,0.7435897435897436,0.0,0.5,0.0
0.0,1.0,0.6666666666666666,1.0,0.0,0.48405640912381426,0.6202812800663111,0.7435897435897436,1.0,1.0,1.0
1.0,0.0,0.0,1.0,0.0,0.5700743426644491,0.6352116851891552,1.0,0.0,1.0,0.0
0.0,1.0,0.0,1.0,0.0,0.4395533326677593,0.6776223337795866,0.7435897435897436,1.0,0.5,1.0
0.0,1.0,1.0,1.0,0.0,0.5376010688007989,0.5749514746842358,0.7435897435897436,1.0,1.0,1.0
0.0,1.0,0.3333333333333333,1.0,0.0,0.6079582920560642,0.7122635571291652,0.7435897435897436,1.0,0.5,1.0
1.0,1.0,0.3333333333333333,1.0,0.0,0.5463537127601897,0.621988956870798,0.7435897435897436,1.0,1.0,1.0
1.0,0.0,0.0,1.0,0.0,0.5573423448965149,0.6477144435680143,1.0,1.0,0.0,0.0
0.0,1.0,0.3333333333333333,1.0,0.0,0.4128131983565205,0.5811316180829446,0.7435897435897436,1.0,1.0,0.0
0.0,1.0,0.0,0.0,0.0,0.3949581725430178,0.5363923487090636,0.7435897435897436,0.0,1.0,0.0
0.0,1.0,0.0,0.0,0.0,0.46938571183571454,0.5642666890083338,0.7435897435897436,1.0,0.5,1.0
1.0,0.0,0.0,1.0,0.0,0.5573423448965149,0.6168273582550704,0.7435897435897436,1.0,0.0,1.0
0.0,1.0,0.3333333333333333,1.0,0.0,0.3787016796313626,0.5436844364771019,0.7435897435897436,1.0,1.0,1.0
0.0,0.0,0.0,1.0,0.0,0.5218752704092948,0.6303419309229348,0.7435897435897436,1.0,0.0,1.0
0.0,0.0,0.0,0.0,0.0,0.4117044743511582,0.609759678391703,0.7435897435897436,1.0,1.0,0.0
1.0,0.0,0.0,1.0,0.0,0.5121251383070577,0.621988956870798,0.7435897435897436,1.0,0.0,1.0
1.0,0.0,0.0,1.0,0.0,0.44068318423254627,0.5620687634111867,0.7435897435897436,0.0,1.0,0.0
0.0,0.0,0.0,1.0,0.0,0.7795249183301896,0.9133425055541671,0.7435897435897436,1.0,0.0,0.0
0.0,1.0,0.6666666666666666,0.0,0.0,0.6252884299923337,0.6943572355125833,0.7435897435897436,1.0,0.0,1.0
1.0,0.0,0.0,1.0,0.0,0.4716908627948103,0.5130147496396026,0.7435897435897436,1.0,0.5,1.0
0.0,0.0,0.0,0.0,0.0,0.47223481562251524,0.5770300542292511,0.7435897435897436,1.0,0.5,1.0
1.0,0.0,0.0,1.0,0.0,0.44761596695411043,0.4198869267000368,0.7435897435897436,1.0,0.0,1.0
0.0,1.0,0.6666666666666666,1.0,1.0,0.5794459004703729,0.6368122594166679,0.15384615384615385,1.0,0.0,1.0
0.0,1.0,0.0,1.0,0.0,0.44544562910452334,0.6595716038136017,0.7435897435897436,1.0,0.0,0.0
0.0,1.0,0.3333333333333333,0.0,0.0,0.49599729199176096,0.5770300542292511,0.358974358974359,1.0,1.0,1.0
0.0,1.0,0.6666666666666666,1.0,0.0,0.5102124454164939,0.594936375845833,0.7435897435897436,1.0,0.5,1.0
0.0,1.0,0.0,1.0,0.0,0.41624824653545617,0.5236995353155046,0.7435897435897436,1.0,1.0,1.0
1.0,0.0,0.3333333333333333,1.0,0.0,0.5025024899015246,0.5790899915542036,0.7435897435897436,1.0,0.5,1.0
0.0,1.0,0.3333333333333333,1.0,1.0,0.6675131409546515,0.6537195299923958,0.7435897435897436,1.0,0.0,0.0
0.0,1.0,0.0,1.0,0.0,0.44068318423254627,0.5851612209515863,0.7435897435897436,1.0,0.5,1.0
0.0,1.0,1.0,1.0,0.0,0.5349150556387662,0.6024675906236646,0.7435897435897436,1.0,0.5,1.0
0.0,1.0,0.6666666666666666,0.0,0.0,0.5051731132649915,0.609759678391703,0.7435897435897436,1.0,0.0,1.0
1.0,0.0,0.0,1.0,0.0,0.4847103923837336,0.6168273582550704,0.7435897435897436,1.0,0.0,1.0
0.0,1.0,1.0,1.0,0.0,0.7319589253232595,0.8053913800687312,0.7435897435897436,1.0,0.0,1.0
0.0,1.0,0.3333333333333333,1.0,1.0,0.6447560565929622,0.8572549881669029,0.7435897435897436,0.0,0.0,0.0
0.0,0.0,0.0,1.0,0.0,0.5546817488459924,0.6133207027799179,0.7435897435897436,0.0,0.0,1.0
0.0,1.0,0.0,1.0,1.0,0.5814251522658616,0.6931123464370221,0.7435897435897436,1.0,0.5,1.0
1.0,1.0,0.0,1.0,0.0,0.5345852605348257,0.5749514746842358,0.7435897435897436,1.0,1.0,0.0
1.0,0.0,0.0,1.0,0.0,0.44717154883837823,0.4610782152121441,0.7435897435897436,1.0,1.0,1.0
0.0,0.0,0.3333333333333333,1.0,0.0,0.5364451156247697,0.5891213444361516,0.7435897435897436,1.0,1.0,1.0
0.0,0.0,0.0,1.0,0.0,0.47266864151074234,0.5484203047167044,0.7435897435897436,1.0,0.5,1.0
0.0,0.0,0.0,1.0,0.0,0.467046636626574,0.4743968139157646,0.7435897435897436,1.0,1.0,1.0
0.0,1.0,0.0,1.0,0.0,0.9609033179700026,0.9180783737937694,0.358974358974359,1.0,1.0,1.0
0.0,1.0,0.3333333333333333,1.0,1.0,0.6648363814972787,0.6906021414278544,0.358974358974359,1.0,1.0,1.0
0.0,1.0,0.0,1.0,1.0,0.5725778900391134,0.471138866068768,0.7435897435897436,1.0,0.5,1.0
0.0,1.0,0.3333333333333333,1.0,0.0,0.5650971931843072,0.661011617760434,0.7435897435897436,1.0,0.0,1.0
0.0,1.0,0.6666666666666666,1.0,1.0,0.44717154883837823,0.6829026001696714,0.7435897435897436,1.0,0.0,1.0
1.0,0.0,1.0,0.0,0.0,0.3975853870875234,0.609759678391703,0.7435897435897436,0.0,1.0,0.0
1.0,0.0,0.0,1.0,0.0,0.5281091227731955,0.4743968139157646,0.7435897435897436,1.0,0.5,1.0
0.0,1.0,1.0,0.0,0.0,0.4562529385685753,0.6789538243036042,0.7435897435897436,1.0,0.0,0.0
1.0,0.0,0.0,1.0,0.0,0.43921948910641173,0.3747062167286882,0.7435897435897436,1.0,0.0,0.0
0.0,1.0,0.3333333333333333,0.0,0.0,0.5424920042708199,0.6581225045451897,0.7435897435897436,1.0,1.0,1.0
0.0,1.0,1.0,0.0,0.0,0.48506142582121914,0.48390223128968535,0.7435897435897436,1.0,0.5,1.0
0.0,1.0,0.6666666666666666,1.0,0.0,0.45236274701407553,0.6043124316437296,0.7435897435897436,1.0,0.0,1.0
0.0,1.0,0.0,1.0,0.0,0.447107958975108,0.661011617760434,0.7435897435897436,1.0,0.5,1.0
0.0,1.0,0.0,0.0,0.0,0.5016924735673444,0.6492304983935945,0.7435897435897436,0.0,0.0,0.0
0.0,1.0,0.6666666666666666,0.0,0.0,0.4804879461281923,0.6061425725791686,0.7435897435897436,1.0,1.0,1.0
0.0,1.0,0.0,1.0,0.0,0.594906287985724,0.7716386741605198,0.7435897435897436,1.0,0.5,1.0
0.0,1.0,0.0,1.0,0.0,0.4549263971261708,0.6968269525575791,0.7435897435897436,1.0,0.0,1.0
0.0,1.0,0.0,1.0,0.0,0.6522259278063077,0.7423583213331605,0.7435897435897436,1.0,0.5,1.0
0.0,0.0,0.0,1.0,0.0,0.646289279361056,0.8114359781863391,0.7435897435897436,1.0,0.0,0.0
0.0,1.0,1.0,1.0,0.0,0.45738974535761334,0.5412793729081586,0.7435897435897436,1.0,0.0,1.0
1.0,1.0,0.0,1.0,1.0,0.572491217568844,0.5642666890083338,0.7435897435897436,0.0,0.0,0.0
1.0,1.0,0.0,1.0,0.0,0.4421991342712291,0.6133207027799179,0.7435897435897436,1.0,0.5,1.0
1.0,0.0,0.0,1.0,0.0,0.5142653913501217,0.5871498175484735,0.358974358974359,1.0,1.0,1.0
0.0,1.0,0.6666666666666666,1.0,0.0,0.6385280732316607,0.6680792976238016,0.7435897435897436,1.0,0.0,1.0
0.0,1.0,0.3333333333333333,1.0,0.0,0.5168290414622171,0.4610782152121441,0.7435897435897436,1.0,1.0,0.0
0.0,1.0,0.0,0.0,0.0,0.4761502587197662,0.5530604922749984,1.0,0.0,1.0,0.0
0.0,1.0,1.0,1.0,0.0,0.5625643071991103,0.7122635571291652,0.7435897435897436,1.0,0.5,1.0
1.0,0.0,0.3333333333333333,1.0,0.0,0.5482835997320104,0.5046617755874658,0.7435897435897436,1.0,0.5,0.0
0.0,1.0,0.6666666666666666,1.0,0.0,0.5573423448965149,0.750279157022336,0.7435897435897436,1.0,0.5,1.0
0.0,1.0,0.0,1.0,0.0,0.5491896419300889,0.6133207027799179,0.7435897435897436,1.0,1.0,1.0
0.0,1.0,0.0,1.0,0.0,0.4768375231182241,0.5412793729081586,0.6153846153846154,1.0,1.0,1.0
0.0,0.0,0.0,1.0,1.0,0.6067282396820828,0.6319766813981349,0.7435897435897436,1.0,0.0,1.0
0.0,0.0,0.0,0.0,0.0,0.591942409809181,0.6185608115560952,0.7435897435897436,1.0,0.0,0.0
0.0,0.0,0.0,1.0,0.0,0.44717154883837823,0.5436844364771019,1.0,1.0,0.5,0.0
0.0,0.0,0.0,1.0,0.0,0.5612360431229811,0.6024675906236646,0.7435897435897436,0.0,0.0,0.0
0.0,1.0,0.3333333333333333,1.0,0.0,0.5947053805661803,0.6815938702916661,0.7435897435897436,1.0,0.5,1.0
0.0,1.0,0.0,1.0,0.0,0.7755235930321414,0.9528133255560586,0.7435897435897436,1.0,0.0,0.0
1.0,0.0,0.0,1.0,1.0,0.7398045721631492,0.41574840983006883,0.7435897435897436,1.0,0.5,1.0
0.0,1.0,0.6666666666666666,1.0,0.0,0.5631170456812447,0.6537195299923958,0.7435897435897436,1.0,0.5,1.0
0.0,1.0,0.6666666666666666,1.0,1.0,0.6563711466246946,0.8596855026164927,0.6153846153846154,1.0,0.0,1.0
0.0,0.0,0.3333333333333333,1.0,0.0,0.4794015952486402,0.5770300542292511,0.358974358974359,0.0,1.0,0.0
1.0,0.0,0.0,1.0,0.0,0.4631275324419083,0.5749514746842358,0.7435897435897436,1.0,1.0,1.0
0.0,1.0,0.0,1.0,0.0,0.5514159084290879,0.594936375845833,0.358974358974359,1.0,1.0,1.0
0.0,1.0,1.0,1.0,0.0,0.646289279361056,0.6133207027799179,0.7435897435897436,1.0,0.0,1.0
0.0,1.0,0.0,1.0,0.0,0.5337393286974639,0.6133207027799179,0.7435897435897436,1.0,0.5,1.0
0.0,0.0,0.0,1.0,0.0,0.4797645378391857,0.4743968139157646,1.0,1.0,1.0,0.0
0.0,1.0,0.6666666666666666,1.0,0.0,0.5693096272016596,0.6133207027799179,0.7435897435897436,1.0,1.0,1.0
0.0,1.0,0.0,1.0,0.0,0.4928806654470272,0.609759678391703,0.7435897435897436,1.0,0.5,1.0
0.0,0.0,0.0,1.0,0.0,0.5847503814474109,0.8023083609980192,0.7435897435897436,1.0,0.5,1.0
1.0,0.0,0.0,1.0,0.0,0.5863210547779028,0.6551965863507527,0.7435897435897436,1.0,1.0,1.0
0.0,0.0,0.0,1.0,1.0,0.6145696019751771,0.609759678391703,0.7435897435897436,1.0,1.0,1.0
0.0,1.0,0.6666666666666666,1.0,0.0,0.5429102751993723,0.5530604922749984,0.7435897435897436,1.0,1.0,0.0
0.0,0.0,0.3333333333333333,1.0,0.0,0.5080598818944984,0.5811316180829446,0.358974358974359,1.0,1.0,1.0
0.0,0.0,0.0,0.0,0.0,0.43706612358871866,0.6168273582550704,0.7435897435897436,1.0,0.5,1.0
0.0,1.0,0.0,0.0,0.0,0.47667918719831576,0.609759678391703,0.7435897435897436,0.0,1.0,0.0
0.0,1.0,0.0,1.0,0.0,0.4361829167020531,0.6236840307796105,0.7435897435897436,1.0,1.0,1.0
0.0,1.0,0.0,1.0,0.0,0.5721440542831214,0.6043124316437296,0.7435897435897436,1.0,0.0,1.0
0.0,0.0,1.0,1.0,0.0,0.6536890833809134,0.6943572355125833,0.7435897435897436,1.0,0.0,1.0
0.0,1.0,1.0,1.0,0.0,0.6594273472130082,0.785406478907134,0.7435897435897436,1.0,0.0,1.0
0.0,1.0,0.0,1.0,0.0,0.45236274701407553,0.594936375845833,0.7435897435897436,1.0,1.0,1.0
0.0,1.0,0.6666666666666666,0.0,0.0,0.41114719853466236,0.5811316180829446,0.358974358974359,1.0,0.5,1.0
0.0,1.0,0.6666666666666666,1.0,0.0,0.48136196697499695,0.5811316180829446,0.7435897435897436,1.0,1.0,1.0
0.0,1.0,0.6666666666666666,1.0,0.0,0.49013895937145974,0.621988956870798,0.7435897435897436,1.0,0.5,1.0
1.0,0.0,0.0,1.0,0.0,0.4854116856915544,0.4743968139157646,0.7435897435897436,0.0,1.0,0.0
0.0,1.0,0.0,1.0,0.0,0.4778890840899827,0.5412793729081586,0.7435897435897436,1.0,1.0,1.0
0.0,0.0,0.0,0.0,0.0,0.5179326738377958,0.5728539124149514,0.7435897435897436,1.0,0.0,1.0
1.0,0.0,0.0,1.0,0.0,0.36597946266162973,0.5598496014891058,0.7435897435897436,0.0,0.5,0.0
0.0,1.0,0.6666666666666666,0.0,0.0,0.4701578160798276,0.36965806907706505,0.358974358974359,0.0,1.0,0.0
0.0,0.0,0.0,0.0,0.0,0.4626091461334691,0.4541176379257509,0.6153846153846154,1.0,0.0,0.0
0.0,0.0,0.0,1.0,0.0,0.44717154883837823,0.5598496014891058,0.7435897435897436,1.0,0.5,1.0
1.0,0.0,0.0,0.0,0.0,0.4087364921433156,0.4072407160198688,0.7435897435897436,1.0,0.5,1.0
1.0,0.0,0.0,1.0,1.0,0.6205328347667308,0.7052676415132679,0.7435897435897436,1.0,0.0,0.0
1.0,0.0,0.0,1.0,0.0,0.542247503612152,0.5851612209515863,0.7435897435897436,1.0,0.5,1.0
0.0,1.0,0.0,0.0,0.0,0.4244511421879686,0.5851612209515863,0.7435897435897436,1.0,1.0,1.0
1.0,0.0,0.0,0.0,0.0,0.42778979079036883,0.45762429340090344,0.7435897435897436,1.0,0.0,1.0
0.0,1.0,0.3333333333333333,1.0,0.0,0.637897384684893,0.6492304983935945,0.6153846153846154,0.0,0.5,0.0
0.0,1.0,1.0,1.0,0.0,1.0,0.8472672636395661,0.7435897435897436,0.0,0.0,0.0
1.0,0.0,0.3333333333333333,0.0,1.0,0.5165005621696418,0.4432645257694976,0.7435897435897436,1.0,0.5,0.0
0.0,1.0,0.0,1.0,0.0,0.5929619313363838,0.661011617760434,0.7435897435897436,1.0,1.0,1.0
0.0,1.0,0.0,0.0,0.0,0.5888440103084216,0.7320569772691184,0.7435897435897436,0.0,0.0,0.0
0.0,1.0,0.0,0.0,0.0,0.4306370296879854,0.5749514746842358,0.7435897435897436,1.0,0.0,1.0
1.0,1.0,0.0,0.0,0.0,0.423125383111206,0.6854978986551418,0.7435897435897436,0.0,0.5,0.0
1.0,0.0,0.0,1.0,0.0,0.4758851329516635,0.43573331099166607,0.7435897435897436,1.0,1.0,1.0
1.0,0.0,0.3333333333333333,1.0,0.0,0.4534054012022791,0.661011617760434,0.7435897435897436,1.0,1.0,0.0
0.0,1.0,0.6666666666666666,1.0,1.0,0.37623739986393817,0.7531804352476286,0.7435897435897436,1.0,1.0,0.0
0.0,1.0,0.0,1.0,0.0,0.3054583927867585,0.5790899915542036,0.7435897435897436,1.0,0.0,1.0
0.0,1.0,0.0,1.0,0.0,0.48867673322495186,0.6270371045224211,0.7435897435897436,1.0,0.5,1.0
0.0,1.0,0.0,1.0,0.0,0.5817253792757703,0.6270371045224211,0.7435897435897436,1.0,0.0,1.0
1.0,0.0,0.0,0.0,0.0,0.460576972280911,0.5018085529062671,0.7435897435897436,0.0,1.0,0.0
0.0,1.0,0.0,1.0,0.0,0.3967144651214636,0.5530604922749984,0.7435897435897436,1.0,1.0,1.0
0.0,1.0,0.3333333333333333,1.0,0.0,0.6163997196452516,0.5749514746842358,0.7435897435897436,0.0,1.0,0.0
0.0,1.0,0.0,1.0,0.0,0.7306822689726581,0.5436844364771019,0.7435897435897436,1.0,0.5,1.0
0.0,1.0,0.0,1.0,0.0,0.45738974535761334,0.5968424570934732,0.7435897435897436,1.0,0.0,1.0
1.0,0.0,0.3333333333333333,0.0,0.0,0.5442966150928732,0.5046617755874658,0.7435897435897436,1.0,0.0,0.0
0.0,1.0,0.6666666666666666,1.0,0.0,0.5845897790142882,0.6185608115560952,0.7435897435897436,1.0,0.5,1.0
0.0,1.0,0.0,1.0,0.0,0.4718542441980509,0.5210745756338725,0.7435897435897436,1.0,0.0,1.0
0.0,0.0,0.0,0.0,0.0,0.4604015709081825,0.43573331099166607,0.358974358974359,1.0,1.0,1.0
1.0,0.0,0.3333333333333333,1.0,1.0,0.6439838630362661,0.6461883152145642,0.7435897435897436,1.0,0.5,1.0
0.0,0.0,0.0,1.0,0.0,0.5990432717476356,0.5642666890083338,0.7435897435897436,0.0,0.0,0.0
0.0,0.0,0.0,1.0,0.0,0.7076907206387334,0.8743198446645308,0.7435897435897436,1.0,0.5,1.0
0.0,1.0,0.0,1.0,0.0,0.44233027525319335,0.6352116851891552,0.7435897435897436,1.0,0.5,1.0
0.0,0.0,0.0,1.0,0.0,0.5116173332069863,0.5530604922749984,0.7435897435897436,1.0,1.0,1.0
1.0,1.0,0.0,1.0,0.0,0.6682584223593567,0.609759678391703,0.48717948717948717,1.0,0.5,1.0
0.0,0.0,0.0,1.0,0.0,0.4057120317112196,0.39385742742083135,0.7435897435897436,1.0,0.5,1.0
0.0,1.0,0.0,1.0,0.0,0.42778979079036883,0.609759678391703,0.7435897435897436,1.0,1.0,1.0
0.0,0.0,0.0,1.0,1.0,0.6739913328918428,0.6968269525575791,0.7435897435897436,0.0,1.0,0.0
1.0,1.0,0.0,0.0,1.0,0.6140142066895155,0.6270371045224211,0.7435897435897436,1.0,0.0,1.0
0.0,0.0,0.0,1.0,0.0,0.50775618314566,0.6968269525575791,0.7435897435897436,1.0,0.5,1.0
0.0,1.0,0.0,1.0,0.0,0.6300668769102594,0.688064198785399,0.7435897435897436,1.0,0.0,1.0
0.0,0.0,1.0,0.0,0.0,0.5477442384979997,0.6431052961438521,0.7435897435897436,1.0,0.5,1.0
0.0,0.0,0.3333333333333333,1.0,0.0,0.8785223222633236,0.6492304983935945,0.7435897435897436,1.0,0.5,1.0
0.0,1.0,0.0,1.0,0.0,0.6182090044186648,0.6815938702916661,0.6153846153846154,1.0,0.0,1.0
0.0,1.0,0.3333333333333333,1.0,1.0,0.499099844017567,0.6133207027799179,0.7435897435897436,1.0,0.0,1.0
0.0,1.0,0.6666666666666666,0.0,0.0,0.5458760991671152,0.5749514746842358,0.7435897435897436,1.0,0.0,1.0
0.0,1.0,0.0,1.0,0.0,0.5024126916725123,0.41574840983006883,0.7435897435897436,1.0,0.0,0.0
0.0,1.0,0.6666666666666666,1.0,0.0,0.4932141287876452,0.6461883152145642,0.7435897435897436,0.0,0.0,0.0
0.0,0.0,0.3333333333333333,0.0,1.0,0.4634147959596908,0.7004824377623257,0.7435897435897436,1.0,0.5,0.0
0.0,1.0,0.6666666666666666,0.0,0.0,0.4345393739804261,0.6043124316437296,0.7435897435897436,0.0,0.0,0.0
0.0,1.0,0.6666666666666666,0.0,0.0,0.408331128850084,0.43573331099166607,0.6153846153846154,1.0,1.0,1.0
0.0,1.0,0.0,1.0,0.0,0.5197954649969404,0.6446519785688324,0.7435897435897436,0.0,0.0,0.0
0.0,1.0,0.0,1.0,0.0,0.44608704587945425,0.528861133931232,0.358974358974359,0.0,0.0,1.0
0.0,0.0,0.0,1.0,1.0,0.6127406013532518,0.5130147496396026,0.7435897435897436,1.0,0.5,1.0
0.0,1.0,0.6666666666666666,1.0,0.0,0.5161714026191797,0.5436844364771019,0.7435897435897436,1.0,0.5,1.0
0.0,1.0,0.0,1.0,0.0,0.5334070824377963,0.591076092168169,0.7435897435897436,1.0,1.0,1.0
0.0,1.0,0.0,1.0,0.0,0.5098271292008197,0.6789538243036042,0.7435897435897436,1.0,1.0,0.0
0.0,0.0,0.6666666666666666,1.0,0.0,0.5353537206673201,0.6236840307796105,0.7435897435897436,1.0,0.0,1.0
0.0,1.0,0.0,1.0,0.0,0.6385471459935633,0.661011617760434,0.7435897435897436,1.0,0.5,0.0
0.0,1.0,0.0,1.0,1.0,0.4181674060645247,0.661011617760434,0.7435897435897436,1.0,0.5,1.0
0.0,1.0,1.0,1.0,0.0,0.6267946175291272,0.609759678391703,0.358974358974359,1.0,1.0,1.0
0.0,1.0,0.0,1.0,0.0,0.47694299283750496,0.6507366118045753,0.7435897435897436,1.0,0.0,1.0
1.0,0.0,0.3333333333333333,0.0,0.0,0.5633008655102808,0.6168273582550704,0.7435897435897436,1.0,0.5,1.0
0.0,0.0,0.0,1.0,0.0,0.5283382021226612,0.5484203047167044,0.7435897435897436,0.0,0.5,0.0
0.0,0.0,0.0,1.0,0.0,0.5863210547779028,0.6303419309229348,0.7435897435897436,1.0,0.0,1.0
0.0,1.0,1.0,0.0,0.0,0.47331716819542,0.471138866068768,0.358974358974359,0.0,1.0,0.0
0.0,1.0,0.0,1.0,0.0,0.748946636855362,0.5749514746842358,0.7435897435897436,1.0,0.5,1.0
1.0,1.0,0.6666666666666666,0.0,0.0,0.053479859977321006,0.5484203047167044,0.7435897435897436,1.0,0.5,1.0
0.0,1.0,0.0,1.0,0.0,0.5345852605348257,0.5749514746842358,0.7435897435897436,1.0,1.0,0.0
0.0,1.0,0.3333333333333333,1.0,1.0,0.49836442171710243,0.6638648404416326,0.7435897435897436,1.0,0.5,1.0
0.0,1.0,0.3333333333333333,0.0,0.0,0.4566128093512712,0.5811316180829446,0.358974358974359,0.0,0.0,0.0
0.0,1.0,1.0,1.0,0.0,0.547203040746349,0.5530604922749984,0.7435897435897436,1.0,0.5,1.0
1.0,0.0,0.0,1.0,1.0,0.44717154883837823,0.5363923487090636,0.7435897435897436,1.0,1.0,1.0
0.0,0.0,0.6666666666666666,1.0,0.0,0.5734132962165396,0.6638648404416326,0.7435897435897436,1.0,0.0,1.0
0.0,1.0,0.6666666666666666,1.0,1.0,0.7473484382552175,0.6461883152145642,0.7435897435897436,1.0,0.0,1.0
0.0,1.0,0.6666666666666666,1.0,0.0,0.6038600907037818,0.7443642858057533,0.6153846153846154,1.0,0.5,1.0
0.0,1.0,0.6666666666666666,1.0,0.0,0.4692751044122363,0.6168273582550704,0.7435897435897436,0.0,0.5,0.0
0.0,1.0,0.3333333333333333,1.0,1.0,0.7487084059568344,0.5184192689254196,0.7435897435897436,1.0,0.5,1.0
0.0,1.0,0.6666666666666666,1.0,0.0,0.47331716819542,0.609759678391703,0.7435897435897436,1.0,1.0,0.0
1.0,0.0,0.0,0.0,0.0,0.5352076334685031,0.6522329133321723,0.7435897435897436,1.0,0.0,1.0
0.0,1.0,1.0,0.0,0.0,0.4811054005575048,0.5811316180829446,0.7435897435897436,1.0,0.0,1.0
0.0,1.0,0.0,1.0,0.0,0.4181674060645247,0.609759678391703,0.7435897435897436,1.0,0.5,1.0
0.0,1.0,0.0,1.0,0.0,0.6802304672995706,0.7483244092903186,0.7435897435897436,1.0,0.5,1.0
0.0,1.0,0.6666666666666666,1.0,0.0,0.6385280732316607,0.759810876311219,0.7435897435897436,1.0,0.5,1.0
0.0,1.0,0.3333333333333333,0.0,0.0,0.408331128850084,0.6150807226730906,0.7435897435897436,1.0,0.0,1.0
0.0,0.0,0.6666666666666666,1.0,0.0,0.5027715805884683,0.5018085529062671,0.7435897435897436,0.0,0.0,0.0
0.0,1.0,0.3333333333333333,1.0,0.0,0.7638512099072551,0.9227185613520633,0.7435897435897436,1.0,1.0,0.0
0.0,1.0,0.6666666666666666,1.0,1.0,0.543500947786282,0.661011617760434,0.7435897435897436,1.0,0.5,1.0
0.0,0.0,0.0,1.0,0.0,0.44298436202452546,0.48698525036039725,0.7435897435897436,1.0,1.0,0.0
0.0,0.0,0.0,0.0,0.0,0.4593450782811604,0.5436844364771019,0.7435897435897436,1.0,0.5,1.0
0.0,1.0,0.3333333333333333,0.0,0.0,0.5675903478595548,0.6955954135632305,0.7435897435897436,1.0,1.0,1.0
0.0,0.0,0.0,0.0,0.0,0.5090967512054713,0.5749514746842358,0.7435897435897436,1.0,0.0,1.0
1.0,0.0,0.0,0.0,1.0,0.7542928262334011,0.7393161381541302,0.7435897435897436,1.0,0.5,1.0
0.0,1.0,0.0,1.0,0.0,0.5049964609977114,0.5930143439421113,0.7435897435897436,0.0,0.0,0.0
1.0,1.0,0.3333333333333333,1.0,0.0,0.4925465010266366,0.5642666890083338,0.15384615384615385,1.0,0.5,1.0
0.0,1.0,0.0,0.0,0.0,0.4534054012022791,0.5686004302607814,0.7435897435897436,1.0,0.0,1.0
0.0,1.0,0.0,1.0,0.0,0.5449509144376923,0.5770300542292511,0.0,1.0,1.0,1.0
0.0,1.0,0.3333333333333333,1.0,1.0,0.47048757317139567,0.5412793729081586,0.7435897435897436,1.0,0.5,1.0
0.0,0.0,0.0,1.0,0.0,0.593646429922074,0.722373420171563,0.7435897435897436,0.0,0.0,0.0
1.0,0.0,0.0,1.0,0.0,0.23183644498610956,0.5811316180829446,1.0,1.0,0.0,1.0
1.0,0.0,0.0,1.0,0.0,0.48435858195460624,0.5530604922749984,0.7435897435897436,1.0,0.5,1.0
0.0,1.0,0.6666666666666666,1.0,0.0,0.5529918885653532,0.7212718282653537,0.7435897435897436,1.0,0.5,1.0
0.0,1.0,0.3333333333333333,0.0,0.0,0.5238497412802339,0.6270371045224211,0.7435897435897436,1.0,0.0,0.0
0.0,1.0,0.0,0.0,0.0,0.514307070348951,0.6024675906236646,0.6153846153846154,1.0,0.5,1.0
0.0,1.0,0.6666666666666666,1.0,0.0,0.5011048837627469,0.7569926633811986,0.7435897435897436,1.0,0.0,1.0
0.0,1.0,0.0,1.0,0.0,0.784169758512497,0.9133425055541671,0.7435897435897436,1.0,1.0,1.0
0.0,0.0,0.0,1.0,0.0,0.5043766273275783,0.5436844364771019,0.7435897435897436,1.0,1.0,0.0
0.0,1.0,0.0,1.0,1.0,0.4458307896996026,0.6980519233127359,0.7435897435897436,1.0,1.0,1.0
1.0,0.0,0.3333333333333333,1.0,0.0,0.7123855255204593,0.34260548805210017,0.7435897435897436,1.0,1.0,1.0
0.0,0.0,0.0,0.0,0.0,0.5050406424743333,0.5530604922749984,0.7435897435897436,1.0,0.0,0.0
0.0,1.0,0.3333333333333333,1.0,0.0,0.5880336757360372,0.7635154964978964,0.7435897435897436,1.0,0.5,1.0
0.0,1.0,0.6666666666666666,1.0,0.0,0.49047821854215096,0.6431052961438521,0.7435897435897436,1.0,1.0,1.0
0.0,1.0,0.0,1.0,0.0,0.4217138691085699,0.471138866068768,0.358974358974359,1.0,0.5,0.0
0.0,0.0,0.0,1.0,0.0,0.5813431736543354,0.8136623103721267,0.7435897435897436,1.0,0.0,0.0
0.0,1.0,1.0,1.0,0.0,0.499099844017567,0.6461883152145642,0.7435897435897436,1.0,0.0,1.0
1.0,1.0,0.6666666666666666,1.0,0.0,0.41414919071636414,0.5811316180829446,1.0,1.0,0.5,1.0
0.0,1.0,0.0,0.0,0.0,0.4800232760716831,0.600607811457052,0.7435897435897436,0.0,0.5,0.0
0.0,0.0,0.0,1.0,0.0,0.5469317492597491,0.6943572355125833,0.7435897435897436,1.0,0.5,0.0
1.0,0.0,0.0,0.0,0.0,0.496044046768131,0.5412793729081586,0.7435897435897436,1.0,0.0,0.0
0.0,1.0,0.6666666666666666,0.0,0.0,0.42627431956663314,0.36965806907706505,0.7435897435897436,1.0,0.5,1.0
0.0,0.0,0.0,1.0,0.0,0.44717154883837823,0.41574840983006883,0.7435897435897436,1.0,0.5,1.0
0.0,1.0,1.0,1.0,1.0,0.5775257059846207,0.5530604922749984,0.7435897435897436,1.0,0.0,1.0
0.0,1.0,0.6666666666666666,1.0,1.0,0.6310095655809891,0.9133425055541671,0.7435897435897436,1.0,0.0,1.0
0.0,0.0,0.0,1.0,0.0,0.5468298954522751,0.609759678391703,0.7435897435897436,1.0,0.5,0.0
0.0,1.0,0.6666666666666666,1.0,1.0,0.7564600754191926,0.8714666219833322,0.7435897435897436,1.0,0.0,1.0
0.0,1.0,0.0,1.0,0.0,0.5126734358375511,0.5749514746842358,0.7435897435897436,1.0,0.5,1.0
0.0,1.0,0.3333333333333333,0.0,0.0,0.5661532958148723,0.6624426595995229,0.7435897435897436,0.0,0.5,1.0
0.0,0.0,0.3333333333333333,0.0,0.0,0.4581629020531935,0.5388488584585689,0.7435897435897436,1.0,0.5,1.0
0.0,0.0,0.0,0.0,0.0,0.6058169881476343,0.6133207027799179,0.7435897435897436,1.0,0.5,1.0
0.0,1.0,0.0,1.0,0.0,0.3054583927867585,0.7299400823562339,0.7435897435897436,1.0,0.0,1.0
0.0,1.0,1.0,1.0,0.0,0.5326662614223386,0.5530604922749984,0.7435897435897436,1.0,1.0,1.0
0.0,0.0,0.6666666666666666,1.0,0.0,0.5045982740810032,0.5749514746842358,0.7435897435897436,0.0,0.0,0.0
0.0,0.0,0.3333333333333333,1.0,0.0,0.6862339136337309,0.7076233695708712,0.7435897435897436,1.0,0.5,0.0
1.0,0.0,0.0,0.0,1.0,0.7623879741542153,0.6043124316437296,0.7435897435897436,1.0,1.0,1.0
0.0,0.0,0.0,0.0,0.0,0.45031903507860255,0.6061425725791686,0.7435897435897436,1.0,0.0,1.0
0.0,1.0,0.0,1.0,0.0,0.5898058066624431,0.8230679052957997,0.7435897435897436,1.0,1.0,1.0
0.0,0.0,0.6666666666666666,1.0,0.0,0.5058777655075214,0.5686004302607814,0.7435897435897436,1.0,0.5,1.0
0.0,1.0,0.0,0.0,0.0,0.4716908627948103,0.45762429340090344,0.7435897435897436,1.0,0.0,0.0
0.0,1.0,1.0,1.0,0.0,0.5970006242223292,0.6566642045848798,0.358974358974359,1.0,0.0,1.0
1.0,1.0,0.3333333333333333,1.0,0.0,0.5443656156848508,0.6303419309229348,0.358974358974359,1.0,0.5,1.0
1.0,0.0,0.0,1.0,0.0,0.4223097193326339,0.5507521163404694,0.7435897435897436,0.0,0.5,0.0
1.0,0.0,0.3333333333333333,1.0,0.0,0.5074083868118656,0.5412793729081586,0.7435897435897436,1.0,0.5,1.0
0.0,1.0,0.3333333333333333,0.0,0.0,0.429646287363579,0.609759678391703,0.7435897435897436,1.0,1.0,1.0
1.0,1.0,0.0,0.0,0.0,0.47704839261664844,0.5576087888650093,0.7435897435897436,1.0,0.5,1.0
0.0,1.0,0.0,1.0,0.0,0.4633573847757096,0.6537195299923958,0.7435897435897436,1.0,0.0,1.0
0.0,0.0,0.0,0.0,0.0,0.494068407195387,0.5018085529062671,0.05128205128205128,1.0,0.5,0.0
0.0,0.0,0.0,1.0,0.0,0.44881601809948707,0.6384017569172047,0.7435897435897436,1.0,0.0,1.0
1.0,0.0,0.0,1.0,0.0,0.5573423448965149,0.5598496014891058,0.7435897435897436,0.0,0.5,0.0
0.0,1.0,0.0,1.0,0.0,0.4643305657879514,0.5749514746842358,0.7435897435897436,1.0,0.0,1.0
0.0,1.0,0.6666666666666666,1.0,1.0,0.6022626615679706,0.609759678391703,0.7435897435897436,0.0,0.0,0.0
0.0,1.0,0.3333333333333333,0.0,0.0,0.4466621161550758,0.609759678391703,0.7435897435897436,1.0,0.0,1.0
0.0,1.0,0.3333333333333333,1.0,0.0,0.4928806654470272,0.6581225045451897,0.7435897435897436,1.0,1.0,1.0
0.0,1.0,0.0,0.0,0.0,0.44421975967839467,0.6893366755700993,0.7435897435897436,0.0,1.0,0.0
0.0,1.0,0.0,1.0,0.0,0.5048196121771034,0.6168273582550704,0.358974358974359,0.0,0.0,0.0
0.0,1.0,0.3333333333333333,1.0,0.0,0.571563758417194,0.24366263370285282,0.7435897435897436,1.0,0.5,1.0
1.0,0.0,0.0,1.0,0.0,0.4574493526566896,0.5130147496396026,0.7435897435897436,1.0,1.0,1.0
0.0,1.0,1.0,1.0,1.0,0.6697072328687976,0.7725237676340848,0.7435897435897436,1.0,0.5,1.0
0.0,1.0,0.0,1.0,0.0,0.5173204910507363,0.6638648404416326,0.7435897435897436,1.0,0.5,1.0
1.0,1.0,0.0,1.0,0.0,0.528871440115198,0.6906021414278544,0.7435897435897436,1.0,0.5,1.0
0.0,1.0,0.6666666666666666,0.0,0.0,0.5084062571034917,0.5707370175020668,0.7435897435897436,1.0,0.5,1.0
1.0,1.0,0.3333333333333333,1.0,1.0,0.773529383986366,0.9645944449228981,0.7435897435897436,1.0,0.5,1.0
0.0,1.0,0.0,1.0,0.0,0.5842680864886386,0.7245608792977402,0.7435897435897436,1.0,0.0,1.0
0.0,0.0,0.0,0.0,1.0,0.5809326451580314,0.6168273582550704,0.7435897435897436,1.0,0.5,1.0
0.0,1.0,0.6666666666666666,1.0,0.0,0.6471768764246865,0.7707501567191526,0.7435897435897436,0.0,1.0,0.0
0.0,1.0,0.0,0.0,0.0,0.5394261673001526,0.594936375845833,0.7435897435897436,1.0,0.0,1.0
0.0,0.0,0.0,1.0,0.0,0.4928806654470272,0.471138866068768,0.7435897435897436,1.0,1.0,1.0
0.0,1.0,1.0,1.0,0.0,0.496044046768131,0.600607811457052,0.7435897435897436,0.0,0.0,0.0
1.0,0.0,0.0,1.0,0.0,0.43921948910641173,0.0,0.7435897435897436,1.0,1.0,0.0
0.0,1.0,0.0,1.0,0.0,0.4847103923837336,0.5620687634111867,0.7435897435897436,0.0,1.0,0.0
0.0,1.0,0.3333333333333333,1.0,0.0,0.4968367808858695,0.6955954135632305,0.7435897435897436,1.0,1.0,1.0
0.0,1.0,0.0,1.0,0.0,0.5609876948519484,0.6680792976238016,0.7435897435897436,0.0,1.0,0.0
0.0,1.0,0.6666666666666666,1.0,0.0,0.7486988692897973,0.785406478907134,0.7435897435897436,1.0,1.0,1.0
0.0,1.0,0.6666666666666666,0.0,0.0,0.5895983432802403,0.6968269525575791,1.0,1.0,0.5,0.0
0.0,1.0,1.0,1.0,0.0,0.5967279311082022,0.6461883152145642,0.7435897435897436,1.0,0.5,0.0
0.0,1.0,0.6666666666666666,1.0,0.0,0.48435858195460624,0.5707370175020668,0.15384615384615385,1.0,1.0,1.0
0.0,1.0,0.0,1.0,0.0,0.48069403090406415,0.6236840307796105,0.7435897435897436,0.0,0.5,0.0
0.0,0.0,0.0,1.0,0.0,0.48784212786660874,0.5749514746842358,0.7435897435897436,1.0,1.0,1.0
0.0,1.0,0.3333333333333333,1.0,0.0,0.39336074340720645,0.5686004302607814,0.7435897435897436,1.0,0.0,1.0
0.0,0.0,0.0,1.0,0.0,0.4855116183330886,0.6624426595995229,0.7435897435897436,1.0,1.0,1.0
0.0,1.0,0.6666666666666666,1.0,0.0,0.600018384383519,0.7179349927403844,0.7435897435897436,1.0,0.5,1.0
0.0,0.0,0.0,1.0,0.0,0.3981056587832421,0.528861133931232,0.7435897435897436,1.0,1.0,0.0
1.0,1.0,0.0,1.0,0.0,0.4847103923837336,0.3184061297083339,0.7435897435897436,1.0,0.5,1.0
0.0,1.0,0.3333333333333333,1.0,0.0,0.40186982065101134,0.43952978539758797,0.7435897435897436,1.0,0.0,0.0
0.0,1.0,0.3333333333333333,1.0,0.0,0.4644446669135434,0.639980329949992,0.7435897435897436,0.0,0.0,0.0
0.0,1.0,0.3333333333333333,1.0,0.0,0.5327404990981973,0.6776223337795866,0.15384615384615385,1.0,0.0,0.0
0.0,1.0,0.0,1.0,0.0,0.4337111852488367,0.5620687634111867,0.7435897435897436,1.0,1.0,1.0
1.0,0.0,0.0,0.0,0.0,0.42430438053292086,0.471138866068768,0.7435897435897436,1.0,0.5,1.0
0.0,0.0,0.0,1.0,0.0,0.5491896419300889,0.5388488584585689,0.7435897435897436,1.0,0.5,1.0
0.0,1.0,0.6666666666666666,1.0,1.0,0.460927195399748,0.5664437808740357,0.7435897435897436,0.0,0.5,0.0
0.0,1.0,0.0,1.0,0.0,0.4761502587197662,0.4198869267000368,0.358974358974359,1.0,0.5,1.0
0.0,1.0,0.6666666666666666,1.0,1.0,0.5863210547779028,0.7179349927403844,0.48717948717948717,1.0,0.5,0.0
0.0,0.0,1.0,1.0,1.0,0.6569497401199693,0.799183394804159,0.7435897435897436,1.0,0.5,1.0
0.0,1.0,0.0,1.0,0.0,0.5161714026191797,0.6335998787699316,0.358974358974359,1.0,0.0,1.0
0.0,1.0,0.0,1.0,1.0,0.743404485942391,0.7725237676340848,0.7435897435897436,1.0,1.0,1.0
0.0,0.0,0.0,0.0,0.0,0.5150969018059315,0.5749514746842358,0.7435897435897436,1.0,0.0,1.0
0.0,1.0,0.6666666666666666,0.0,1.0,0.5961562382867038,0.6968269525575791,0.7435897435897436,1.0,0.0,0.0
0.0,0.0,0.0,1.0,0.0,0.47546000969956065,0.5236995353155046,0.7435897435897436,0.0,0.5,0.0
0.0,1.0,0.0,1.0,1.0,0.6669239617134952,0.688064198785399,0.7435897435897436,1.0,0.0,1.0
0.0,1.0,0.6666666666666666,1.0,0.0,0.5803836191851038,0.7028875013312689,0.7435897435897436,1.0,1.0,1.0
1.0,0.0,1.0,1.0,0.0,0.16212966011156596,0.8407969351458329,0.358974358974359,1.0,1.0,0.0
0.0,1.0,0.0,0.0,0.0,0.47043266114420457,0.6537195299923958,0.7435897435897436,1.0,0.0,1.0
0.0,1.0,1.0,1.0,0.0,0.5782519839423851,0.609759678391703,0.7435897435897436,1.0,1.0,1.0
0.0,0.0,0.0,1.0,0.0,0.5084495009783669,0.6776223337795866,0.7435897435897436,1.0,0.0,1.0
1.0,1.0,0.3333333333333333,1.0,0.0,0.6964918508360393,0.9208737203319987,0.7435897435897436,1.0,0.5,1.0
0.0,1.0,0.0,0.0,0.0,0.44068318423254627,0.609759678391703,0.358974358974359,1.0,1.0,0.0
0.0,1.0,0.3333333333333333,1.0,0.0,0.496044046768131,0.6789538243036042,0.7435897435897436,1.0,0.5,1.0
0.0,1.0,0.6666666666666666,0.0,0.0,0.5213578648704755,0.6566642045848798,0.7435897435897436,1.0,0.0,1.0
0.0,1.0,0.0,1.0,0.0,0.4879897299770063,0.5707370175020668,0.7435897435897436,1.0,0.0,1.0
1.0,0.0,0.0,1.0,0.0,0.47076184909989505,0.4743968139157646,0.7435897435897436,1.0,0.0,1.0
0.0,1.0,1.0,1.0,0.0,0.5260324141832385,0.34260548805210017,0.358974358974359,1.0,0.0,1.0
0.0,1.0,0.3333333333333333,1.0,0.0,0.6334701533959429,0.7662552682149907,0.7435897435897436,1.0,1.0,1.0
0.0,1.0,0.6666666666666666,1.0,0.0,0.6235374351906247,0.6968269525575791,0.7435897435897436,1.0,1.0,1.0
1.0,0.0,0.0,1.0,1.0,0.543500947786282,0.6185608115560952,0.7435897435897436,0.0,0.5,0.0
